Workbook

Sheet JANEIRO1
B1: ACOMPANHAMENTO PEÇA E RETIRE E MC EXPERIÊNCIA
B3: DATA | C3: P&R | D3: EMBAIXADORES DO DIA | G3: CSS!
B4: 46023 | C4: =JANEIRO!C2 | D4: =JANEIRO!D2 | G4: =JANEIRO!F2
B5: 46024 | C5: =JANEIRO!C3 | D5: =JANEIRO!D3 | G5: =JANEIRO!F3
B6: 46025 | C6: =JANEIRO!C4 | D6: =JANEIRO!D4 | G6: =JANEIRO!F4
B7: 46026 | C7: =JANEIRO!C5 | D7: =JANEIRO!D5 | G7: =JANEIRO!F5
B8: 46027 | C8: =JANEIRO!C6 | D8: =JANEIRO!D6 | G8: =JANEIRO!F6
B9: 46028 | C9: =JANEIRO!C7 | D9: =JANEIRO!D7 | G9: =JANEIRO!F7
B10: 46029 | C10: =JANEIRO!C8 | D10: =JANEIRO!D8 | G10: =JANEIRO!F8
B11: 46030 | C11: =JANEIRO!C9 | D11: =JANEIRO!D9 | G11: =JANEIRO!F9
B12: 46031 | C12: =JANEIRO!C10 | D12: =JANEIRO!D10 | G12: =JANEIRO!F10
B13: 46032 | C13: =JANEIRO!C11 | D13: =JANEIRO!D11 | G13: =JANEIRO!F11
B14: 46033 | C14: =JANEIRO!C12 | D14: =JANEIRO!D12 | G14: =JANEIRO!F12
B15: 46034 | C15: =JANEIRO!C13 | D15: =JANEIRO!D13 | G15: =JANEIRO!F13
... B34: 46053 | C34: =JANEIRO!C32 | D34: =JANEIRO!D32 | G34: =JANEIRO!F32
B35: P&R | C35: =SUM(JANEIRO1!C4:C34) | F35: CSS | G35: =SUM(JANEIRO1!G4:G34)
B36: TOTAL | F36: TOTAL
B37: GERENTE LÍDER: MARCUS | E37: GERENTE MARKETING: EMILLY

Sheet FEVEREIRO2
B1: ACOMPANHAMENTO PEÇA E RETIRE E MC EXPERIÊNCIA
B3: DATA | C3: P&R | D3: EMBAIXADORES DO DIA | G3: CSS!
B4: 46054 | C4: =FEVEREIRO!C2 | D4: =FEVEREIRO!D2 | G4: =FEVEREIRO!F2
B5: 46055 | C5: =FEVEREIRO!C3 | D5: =FEVEREIRO!D3 | G5: =FEVEREIRO!F3
B6: 46056 | C6: =FEVEREIRO!C4 | D6: =FEVEREIRO!D4 | G6: =FEVEREIRO!F4
B7: 46057 | C7: =FEVEREIRO!C5 | D7: =FEVEREIRO!D5 | G7: =FEVEREIRO!F5
B8: 46058 | C8: =FEVEREIRO!C6 | D8: =FEVEREIRO!D6 | G8: =FEVEREIRO!F6
B9: 46059 | C9: =FEVEREIRO!C7 | D9: =FEVEREIRO!D7 | G9: =FEVEREIRO!F7
B10: 46060 | C10: =FEVEREIRO!C8 | D10: =FEVEREIRO!D8 | G10: =FEVEREIRO!F8
B11: 46061 | C11: =FEVEREIRO!C9 | D11: =FEVEREIRO!D9 | G11: =FEVEREIRO!F9
B12: 46062 | C12: =FEVEREIRO!C10 | D12: =FEVEREIRO!D10 | G12: =FEVEREIRO!F10
B13: 46063 | C13: =FEVEREIRO!C11 | D13: =FEVEREIRO!D11 | G13: =FEVEREIRO!F11
B14: 46064 | C14: =FEVEREIRO!C12 | D14: =FEVEREIRO!D12 | G14: =FEVEREIRO!F12
B15: 46065 | C15: =FEVEREIRO!C13 | D15: =FEVEREIRO!D13 | G15: =FEVEREIRO!F13
... B34: 46084 | C34: =FEVEREIRO!C32 | D34: =FEVEREIRO!D32 | G34: =FEVEREIRO!F32
B35: P&R | C35: =SUM(C4:C34) | F35: CSS | G35: =SUM(G4:G34)
B36: TOTAL | F36: TOTAL
B37: GERENTE LÍDER: MARCUS | E37: GERENTE MARKETING: EMILLY

Sheet MARÇO3
B1: ACOMPANHAMENTO PEÇA E RETIRE E MC EXPERIÊNCIA
B3: DATA | C3: P&R | D3: EMBAIXADORES DO DIA | G3: CSS!
B4: 46082 | C4: =MARÇO!C2 | D4: =MARÇO!D2 | G4: =MARÇO!F2
B5: 46083 | C5: =MARÇO!C3 | D5: =MARÇO!D3 | G5: =MARÇO!F3
B6: 46084 | C6: =MARÇO!C4 | D6: =MARÇO!D4 | G6: =MARÇO!F4
B7: 46085 | C7: =MARÇO!C5 | D7: =MARÇO!D5 | G7: =MARÇO!F5
B8: 46086 | C8: =MARÇO!C6 | D8: =MARÇO!D6 | G8: =MARÇO!F6
B9: 46087 | C9: =MARÇO!C7 | D9: =MARÇO!D7 | G9: =MARÇO!F7
B10: 46088 | C10: =MARÇO!C8 | D10: =MARÇO!D8 | G10: =MARÇO!F8
B11: 46089 | C11: =MARÇO!C9 | D11: =MARÇO!D9 | G11: =MARÇO!F9
B12: 46090 | C12: =MARÇO!C10 | D12: =MARÇO!D10 | G12: =MARÇO!F10
B13: 46091 | C13: =MARÇO!C11 | D13: =MARÇO!D11 | G13: =MARÇO!F11
B14: 46092 | C14: =MARÇO!C12 | D14: =MARÇO!D12 | G14: =MARÇO!F12
B15: 46093 | C15: =MARÇO!C13 | D15: =MARÇO!D13 | G15: =MARÇO!F13
... B34: 46112 | C34: =MARÇO!C32 | D34: =MARÇO!D32 | G34: =MARÇO!F32
B35: P&R | C35: =SUM(C4:C34) | F35: CSS | G35: =SUM(G4:G34)
B36: TOTAL | F36: TOTAL
B37: GERENTE LÍDER: MARCUS | E37: GERENTE DE MARKETING: EMILLY

Sheet ABRIL4
B1: ACOMPANHAMENTO PEÇA E RETIRE E MC EXPERIÊNCIA
B3: DATA | C3: P&R | D3: EMBAIXADORES DO DIA | G3: CSS!
B4: 46113 | C4: =ABRIL!C2 | D4: =ABRIL!D2 | G4: =ABRIL!F2
B5: 46114 | C5: =ABRIL!C3 | D5: =ABRIL!D3 | G5: =ABRIL!F3
B6: 46115 | C6: =ABRIL!C4 | D6: =ABRIL!D4 | G6: =ABRIL!F4
B7: 46116 | C7: =ABRIL!C5 | D7: =ABRIL!D5 | G7: =ABRIL!F5
B8: 46117 | C8: =ABRIL!C6 | D8: =ABRIL!D6 | G8: =ABRIL!F6
B9: 46118 | C9: =ABRIL!C7 | D9: =ABRIL!D7 | G9: =ABRIL!F7
B10: 46119 | C10: =ABRIL!C8 | D10: =ABRIL!D8 | G10: =ABRIL!F8
B11: 46120 | C11: =ABRIL!C9 | D11: =ABRIL!D9 | G11: =ABRIL!F9
B12: 46121 | C12: =ABRIL!C10 | D12: =ABRIL!D10 | G12: =ABRIL!F10
B13: 46122 | C13: =ABRIL!C11 | D13: =ABRIL!D11 | G13: =ABRIL!F11
B14: 46123 | C14: =ABRIL!C12 | D14: =ABRIL!D12 | G14: =ABRIL!F12
B15: 46124 | C15: =ABRIL!C13 | D15: =ABRIL!D13 | G15: =ABRIL!F13
... B33: 46142 | C33: =ABRIL!C31 | D33: =ABRIL!D31 | G33: =ABRIL!F31
B35: P&R | C35: =SUM(C4:C34) | F35: CSS | G35: =SUM(G4:G34)
B36: TOTAL | F36: TOTAL
B37: GERENTE LÍDER: MARCUS | E37: GERENTE DE MARKETING: EMILLY

Sheet MAIO5
B1: ACOMPANHAMENTO PEÇA E RETIRE E MC EXPERIÊNCIA
B3: DATA | C3: P&R | D3: EMBAIXADORES DO DIA | G3: CSS!
B4: 46143 | C4: =MAIO!C2 | D4: =MAIO!D2 | G4: =MAIO!F2
B5: 46144 | C5: =MAIO!C3 | D5: =MAIO!D3 | G5: =MAIO!F3
B6: 46145 | C6: =MAIO!C4 | D6: =MAIO!D4 | G6: =MAIO!F4
B7: 46146 | C7: =MAIO!C5 | D7: =MAIO!D5 | G7: =MAIO!F5
B8: 46147 | C8: =MAIO!C6 | D8: =MAIO!D6 | G8: =MAIO!F6
B9: 46148 | C9: =MAIO!C7 | D9: =MAIO!D7 | G9: =MAIO!F7
B10: 46149 | C10: =MAIO!C8 | D10: =MAIO!D8 | G10: =MAIO!F8
B11: 46150 | C11: =MAIO!C9 | D11: =MAIO!D9 | G11: =MAIO!F9
B12: 46151 | C12: =MAIO!C10 | D12: =MAIO!D10 | G12: =MAIO!F10
B13: 46152 | C13: =MAIO!C11 | D13: =MAIO!D11 | G13: =MAIO!F11
B14: 46153 | C14: =MAIO!C12 | D14: =MAIO!D12 | G14: =MAIO!F12
B15: 46154 | C15: =MAIO!C13 | D15: =MAIO!D13 | G15: =MAIO!F13
... B34: 46173 | C34: =MAIO!C32 | D34: =MAIO!D32 | G34: =MAIO!F32
B35: P&R | C35: =SUM(C4:C34) | F35: CSS | G35: =SUM(G4:G34)
B36: TOTAL | F36: TOTAL
B37: GERENTE LÍDER: MARCUS | E37: GERENTE DE MARKETING: EMILLY

Sheet JUNHO6
B1: ACOMPANHAMENTO PEÇA E RETIRE E MC EXPERIÊNCIA
B3: DATA | C3: P&R | D3: EMBAIXADORES DO DIA | G3: CSS!
B4: 46174 | C4: =JUNHO!C2 | D4: =JUNHO!D2 | G4: =JUNHO!F2
B5: 46175 | C5: =JUNHO!C3 | D5: =JUNHO!D3 | G5: =JUNHO!F3
B6: 46176 | C6: =JUNHO!C4 | D6: =JUNHO!D4 | G6: =JUNHO!F4
B7: 46177 | C7: =JUNHO!C5 | D7: =JUNHO!D5 | G7: =JUNHO!F5
B8: 46178 | C8: =JUNHO!C6 | D8: =JUNHO!D6 | G8: =JUNHO!F6
B9: 46179 | C9: =JUNHO!C7 | D9: =JUNHO!D7 | G9: =JUNHO!F7
B10: 46180 | C10: =JUNHO!C8 | D10: =JUNHO!D8 | G10: =JUNHO!F8
B11: 46181 | C11: =JUNHO!C9 | D11: =JUNHO!D9 | G11: =JUNHO!F9
B12: 46182 | C12: =JUNHO!C10 | D12: =JUNHO!D10 | G12: =JUNHO!F10
B13: 46183 | C13: =JUNHO!C11 | D13: =JUNHO!D11 | G13: =JUNHO!F11
B14: 46184 | C14: =JUNHO!C12 | D14: =JUNHO!D12 | G14: =JUNHO!F12
B15: 46185 | C15: =JUNHO!C13 | D15: =JUNHO!D13 | G15: =JUNHO!F13
... B33: 46203 | C33: =JUNHO!C31 | D33: =JUNHO!D31 | G33: =JUNHO!F31
B35: P&R | C35: =SUM(C4:C34) | F35: CSS | G35: =SUM(G4:G34)
B36: TOTAL | F36: TOTAL
B37: GERENTE LÍDER: MARCUS | E37: GERENTE DE MARKETING: EMILLY
P75: 01 195 João, Milca, Naty 40 ❌ 02 201 Milca, Rian, João, Naty, Camila 57 ❌ 03 207 Milca, Rian, Naty 20 ❌ 04 201 Rian, Milca, João, Camila 8 ❌ 05 235 Rian, Milca, João, Camila, Natália 21 ❌ 06 196 João, Camila, Natália 13 ❌ 07 180 João, Camila, Rian 4 ❌ 08 176 Rian, João, Camila 2 ❌ 09 172 Rian, Natália, Milca 5 ❌ 10 182 João, Naty, Milca 16 ❌ 11 174 João, Milca, Camila, Naty 12 ❌ 12 247 Rian, João, Milca, Natália, Camila 16 ❌ 13 184 Rian, Milca, Natália, Camila 5 ❌ 14 174 Rian, Milca, Natália 5 ❌ 15 148 Rian, Camila, João 5 ❌ 16 151 Rian, João, Camila 6 ❌ 17 142 João, Milca, Naty, Camila 6 ❌ 18 153 João, Milca, Camila, Natália 3 ❌ 19 209 Rian, Camila, Natália, Milca 20 ❌ 20 158 Rian, João, Milca, Natália 7 ❌ 21 138 Milca, Naty, João 6 ❌ 22 122 Rian, João, Camila 17 ❌ 23 190 João, Camila, Rian 29 ❌ 24 152 Milca, Naty, Rian 23 ❌ 25 153 Rian, João, Camila 15 ❌ 26 174 João, Camila, Natália, Milca 34 ❌ 27 133 Milca, Camila, Rian, João 36 ❌ 28 143 Rian, João 22 ❌ 29 134 Rian, Milca 27 ❌ 30 139 Rian, Milca, Natália 43 ❌ 31 119 Milca, Naty, João 29 ❌

Sheet JULHO7
B1: ACOMPANHAMENTO PEÇA E RETIRE E MC EXPERIÊNCIA
B3: DATA | C3: P&R | D3: EMBAIXADORES DO DIA | G3: CSS!
B4: 46204 | C4: =JULHO!C2 | D4: =JULHO!D2 | G4: =JULHO!F2
B5: 46205 | C5: =JULHO!C3 | D5: =JULHO!D3 | G5: =JULHO!F3
B6: 46206 | C6: =JULHO!C4 | D6: =JULHO!D4 | G6: =JULHO!F4
B7: 46207 | C7: =JULHO!C5 | D7: =JULHO!D5 | G7: =JULHO!F5
B8: 46208 | C8: =JULHO!C6 | D8: =JULHO!D6 | G8: =JULHO!F6
B9: 46209 | C9: =JULHO!C7 | D9: =JULHO!D7 | G9: =JULHO!F7
B10: 46210 | C10: =JULHO!C8 | D10: =JULHO!D8 | G10: =JULHO!F8
B11: 46211 | C11: =JULHO!C9 | D11: =JULHO!D9 | G11: =JULHO!F9
B12: 46212 | C12: =JULHO!C10 | D12: =JULHO!D10 | G12: =JULHO!F10
B13: 46213 | C13: =JULHO!C11 | D13: =JULHO!D11 | G13: =JULHO!F11
B14: 46214 | C14: =JULHO!C12 | D14: =JULHO!D12 | G14: =JULHO!F12
B15: 46215 | C15: =JULHO!C13 | D15: =JULHO!D13 | G15: =JULHO!F13
... B34: 46234 | C34: =JULHO!C32 | D34: =JULHO!D32 | G34: =JULHO!F32
B35: P&R | C35: =SUM(C4:C34) | F35: CSS | G35: =SUM(G4:G34)
B36: TOTAL | F36: TOTAL
B37: GERENTE LÍDER: MARCUS | E37: GERENTE DE MARKETING: EMILLY
P75: 01 195 João, Milca, Naty 40 ❌ 02 201 Milca, Rian, João, Naty, Camila 57 ❌ 03 207 Milca, Rian, Naty 20 ❌ 04 201 Rian, Milca, João, Camila 8 ❌ 05 235 Rian, Milca, João, Camila, Natália 21 ❌ 06 196 João, Camila, Natália 13 ❌ 07 180 João, Camila, Rian 4 ❌ 08 176 Rian, João, Camila 2 ❌ 09 172 Rian, Natália, Milca 5 ❌ 10 182 João, Naty, Milca 16 ❌ 11 174 João, Milca, Camila, Naty 12 ❌ 12 247 Rian, João, Milca, Natália, Camila 16 ❌ 13 184 Rian, Milca, Natália, Camila 5 ❌ 14 174 Rian, Milca, Natália 5 ❌ 15 148 Rian, Camila, João 5 ❌ 16 151 Rian, João, Camila 6 ❌ 17 142 João, Milca, Naty, Camila 6 ❌ 18 153 João, Milca, Camila, Natália 3 ❌ 19 209 Rian, Camila, Natália, Milca 20 ❌ 20 158 Rian, João, Milca, Natália 7 ❌ 21 138 Milca, Naty, João 6 ❌ 22 122 Rian, João, Camila 17 ❌ 23 190 João, Camila, Rian 29 ❌ 24 152 Milca, Naty, Rian 23 ❌ 25 153 Rian, João, Camila 15 ❌ 26 174 João, Camila, Natália, Milca 34 ❌ 27 133 Milca, Camila, Rian, João 36 ❌ 28 143 Rian, João 22 ❌ 29 134 Rian, Milca 27 ❌ 30 139 Rian, Milca, Natália 43 ❌ 31 119 Milca, Naty, João 29 ❌

Sheet AGOSTO8
B1: ACOMPANHAMENTO PEÇA E RETIRE E MC EXPERIÊNCIA
B3: DATA | C3: P&R | D3: EMBAIXADORES DO DIA | G3: CSS!
B4: 46235 | C4: =AGOSTO!C2 | D4: =AGOSTO!D2 | G4: =AGOSTO!F2
B5: 46236 | C5: =AGOSTO!C3 | D5: =AGOSTO!D3 | G5: =AGOSTO!F3
B6: 46237 | C6: =AGOSTO!C4 | D6: =AGOSTO!D4 | G6: =AGOSTO!F4
B7: 46238 | C7: =AGOSTO!C5 | D7: =AGOSTO!D5 | G7: =AGOSTO!F5
B8: 46239 | C8: =AGOSTO!C6 | D8: =AGOSTO!D6 | G8: =AGOSTO!F6
B9: 46240 | C9: =AGOSTO!C7 | D9: =AGOSTO!D7 | G9: =AGOSTO!F7
B10: 46241 | C10: =AGOSTO!C8 | D10: =AGOSTO!D8 | G10: =AGOSTO!F8
B11: 46242 | C11: =AGOSTO!C9 | D11: =AGOSTO!D9 | G11: =AGOSTO!F9
B12: 46243 | C12: =AGOSTO!C10 | D12: =AGOSTO!D10 | G12: =AGOSTO!F10
B13: 46244 | C13: =AGOSTO!C11 | D13: =AGOSTO!D11 | G13: =AGOSTO!F11
B14: 46245 | C14: =AGOSTO!C12 | D14: =AGOSTO!D12 | G14: =AGOSTO!F12
B15: 46246 | C15: =AGOSTO!C13 | D15: =AGOSTO!D13 | G15: =AGOSTO!F13
... B34: 46265 | C34: =AGOSTO!C32 | D34: =AGOSTO!D32 | G34: =AGOSTO!F32
B35: P&R | C35: =SUM(C4:C34) | F35: CSS | G35: =SUM(G4:G34)
B36: TOTAL | F36: TOTAL
B37: GERENTE LÍDER: MARCUS | E37: GERENTE DE MARKETING: EMILLY
P75: 01 195 João, Milca, Naty 40 ❌ 02 201 Milca, Rian, João, Naty, Camila 57 ❌ 03 207 Milca, Rian, Naty 20 ❌ 04 201 Rian, Milca, João, Camila 8 ❌ 05 235 Rian, Milca, João, Camila, Natália 21 ❌ 06 196 João, Camila, Natália 13 ❌ 07 180 João, Camila, Rian 4 ❌ 08 176 Rian, João, Camila 2 ❌ 09 172 Rian, Natália, Milca 5 ❌ 10 182 João, Naty, Milca 16 ❌ 11 174 João, Milca, Camila, Naty 12 ❌ 12 247 Rian, João, Milca, Natália, Camila 16 ❌ 13 184 Rian, Milca, Natália, Camila 5 ❌ 14 174 Rian, Milca, Natália 5 ❌ 15 148 Rian, Camila, João 5 ❌ 16 151 Rian, João, Camila 6 ❌ 17 142 João, Milca, Naty, Camila 6 ❌ 18 153 João, Milca, Camila, Natália 3 ❌ 19 209 Rian, Camila, Natália, Milca 20 ❌ 20 158 Rian, João, Milca, Natália 7 ❌ 21 138 Milca, Naty, João 6 ❌ 22 122 Rian, João, Camila 17 ❌ 23 190 João, Camila, Rian 29 ❌ 24 152 Milca, Naty, Rian 23 ❌ 25 153 Rian, João, Camila 15 ❌ 26 174 João, Camila, Natália, Milca 34 ❌ 27 133 Milca, Camila, Rian, João 36 ❌ 28 143 Rian, João 22 ❌ 29 134 Rian, Milca 27 ❌ 30 139 Rian, Milca, Natália 43 ❌ 31 119 Milca, Naty, João 29 ❌

Sheet SETEMBRO9
B1: ACOMPANHAMENTO PEÇA E RETIRE E MC EXPERIÊNCIA
B3: DATA | C3: P&R | D3: EMBAIXADORES DO DIA | G3: CSS!
B4: 46266 | C4: =SETEMBRO!C2 | D4: =SETEMBRO!D2 | G4: =SETEMBRO!F2
B5: 46267 | C5: =SETEMBRO!C3 | D5: =SETEMBRO!D3 | G5: =SETEMBRO!F3
B6: 46268 | C6: =SETEMBRO!C4 | D6: =SETEMBRO!D4 | G6: =SETEMBRO!F4
B7: 46269 | C7: =SETEMBRO!C5 | D7: =SETEMBRO!D5 | G7: =SETEMBRO!F5
B8: 46270 | C8: =SETEMBRO!C6 | D8: =SETEMBRO!D6 | G8: =SETEMBRO!F6
B9: 46271 | C9: =SETEMBRO!C7 | D9: =SETEMBRO!D7 | G9: =SETEMBRO!F7
B10: 46272 | C10: =SETEMBRO!C8 | D10: =SETEMBRO!D8 | G10: =SETEMBRO!F8
B11: 46273 | C11: =SETEMBRO!C9 | D11: =SETEMBRO!D9 | G11: =SETEMBRO!F9
B12: 46274 | C12: =SETEMBRO!C10 | D12: =SETEMBRO!D10 | G12: =SETEMBRO!F10
B13: 46275 | C13: =SETEMBRO!C11 | D13: =SETEMBRO!D11 | G13: =SETEMBRO!F11
B14: 46276 | C14: =SETEMBRO!C12 | D14: =SETEMBRO!D12 | G14: =SETEMBRO!F12
B15: 46277 | C15: =SETEMBRO!C13 | D15: =SETEMBRO!D13 | G15: =SETEMBRO!F13
... B33: 46295 | C33: =SETEMBRO!C31 | D33: =SETEMBRO!D31 | G33: =SETEMBRO!F31
B35: P&R | C35: =SUM(C4:C34) | F35: CSS | G35: =SUM(G4:G34)
B36: TOTAL | F36: TOTAL
B37: GERENTE LÍDER: MARCUS | E37: GERENTE DE MARKETING: EMILLY
P75: 01 195 João, Milca, Naty 40 ❌ 02 201 Milca, Rian, João, Naty, Camila 57 ❌ 03 207 Milca, Rian, Naty 20 ❌ 04 201 Rian, Milca, João, Camila 8 ❌ 05 235 Rian, Milca, João, Camila, Natália 21 ❌ 06 196 João, Camila, Natália 13 ❌ 07 180 João, Camila, Rian 4 ❌ 08 176 Rian, João, Camila 2 ❌ 09 172 Rian, Natália, Milca 5 ❌ 10 182 João, Naty, Milca 16 ❌ 11 174 João, Milca, Camila, Naty 12 ❌ 12 247 Rian, João, Milca, Natália, Camila 16 ❌ 13 184 Rian, Milca, Natália, Camila 5 ❌ 14 174 Rian, Milca, Natália 5 ❌ 15 148 Rian, Camila, João 5 ❌ 16 151 Rian, João, Camila 6 ❌ 17 142 João, Milca, Naty, Camila 6 ❌ 18 153 João, Milca, Camila, Natália 3 ❌ 19 209 Rian, Camila, Natália, Milca 20 ❌ 20 158 Rian, João, Milca, Natália 7 ❌ 21 138 Milca, Naty, João 6 ❌ 22 122 Rian, João, Camila 17 ❌ 23 190 João, Camila, Rian 29 ❌ 24 152 Milca, Naty, Rian 23 ❌ 25 153 Rian, João, Camila 15 ❌ 26 174 João, Camila, Natália, Milca 34 ❌ 27 133 Milca, Camila, Rian, João 36 ❌ 28 143 Rian, João 22 ❌ 29 134 Rian, Milca 27 ❌ 30 139 Rian, Milca, Natália 43 ❌ 31 119 Milca, Naty, João 29 ❌

Sheet OUTUBRO10
B1: ACOMPANHAMENTO PEÇA E RETIRE E MC EXPERIÊNCIA
B3: DATA | C3: P&R | D3: EMBAIXADORES DO DIA | G3: CSS!
B4: 46296 | C4: =OUTUBRO!C2 | D4: =OUTUBRO!D2 | G4: =OUTUBRO!F2
B5: 46297 | C5: =OUTUBRO!C3 | D5: =OUTUBRO!D3 | G5: =OUTUBRO!F3
B6: 46298 | C6: =OUTUBRO!C4 | D6: =OUTUBRO!D4 | G6: =OUTUBRO!F4
B7: 46299 | C7: =OUTUBRO!C5 | D7: =OUTUBRO!D5 | G7: =OUTUBRO!F5
B8: 46300 | C8: =OUTUBRO!C6 | D8: =OUTUBRO!D6 | G8: =OUTUBRO!F6
B9: 46301 | C9: =OUTUBRO!C7 | D9: =OUTUBRO!D7 | G9: =OUTUBRO!F7
B10: 46302 | C10: =OUTUBRO!C8 | D10: =OUTUBRO!D8 | G10: =OUTUBRO!F8
B11: 46303 | C11: =OUTUBRO!C9 | D11: =OUTUBRO!D9 | G11: =OUTUBRO!F9
B12: 46304 | C12: =OUTUBRO!C10 | D12: =OUTUBRO!D10 | G12: =OUTUBRO!F10
B13: 46305 | C13: =OUTUBRO!C11 | D13: =OUTUBRO!D11 | G13: =OUTUBRO!F11
B14: 46306 | C14: =OUTUBRO!C12 | D14: =OUTUBRO!D12 | G14: =OUTUBRO!F12
B15: 46307 | C15: =OUTUBRO!C13 | D15: =OUTUBRO!D13 | G15: =OUTUBRO!F13
... B34: 46326 | C34: =OUTUBRO!C32 | D34: =OUTUBRO!D32 | G34: =OUTUBRO!F32
B35: P&R | C35: =SUM(C4:C34) | F35: CSS | G35: =SUM(G4:G34)
B36: TOTAL | F36: TOTAL
B37: GERENTE LÍDER: MARCUS | E37: GERENTE DE MARKETING: EMILLY
P75: 01 195 João, Milca, Naty 40 ❌ 02 201 Milca, Rian, João, Naty, Camila 57 ❌ 03 207 Milca, Rian, Naty 20 ❌ 04 201 Rian, Milca, João, Camila 8 ❌ 05 235 Rian, Milca, João, Camila, Natália 21 ❌ 06 196 João, Camila, Natália 13 ❌ 07 180 João, Camila, Rian 4 ❌ 08 176 Rian, João, Camila 2 ❌ 09 172 Rian, Natália, Milca 5 ❌ 10 182 João, Naty, Milca 16 ❌ 11 174 João, Milca, Camila, Naty 12 ❌ 12 247 Rian, João, Milca, Natália, Camila 16 ❌ 13 184 Rian, Milca, Natália, Camila 5 ❌ 14 174 Rian, Milca, Natália 5 ❌ 15 148 Rian, Camila, João 5 ❌ 16 151 Rian, João, Camila 6 ❌ 17 142 João, Milca, Naty, Camila 6 ❌ 18 153 João, Milca, Camila, Natália 3 ❌ 19 209 Rian, Camila, Natália, Milca 20 ❌ 20 158 Rian, João, Milca, Natália 7 ❌ 21 138 Milca, Naty, João 6 ❌ 22 122 Rian, João, Camila 17 ❌ 23 190 João, Camila, Rian 29 ❌ 24 152 Milca, Naty, Rian 23 ❌ 25 153 Rian, João, Camila 15 ❌ 26 174 João, Camila, Natália, Milca 34 ❌ 27 133 Milca, Camila, Rian, João 36 ❌ 28 143 Rian, João 22 ❌ 29 134 Rian, Milca 27 ❌ 30 139 Rian, Milca, Natália 43 ❌ 31 119 Milca, Naty, João 29 ❌

Sheet NOVEMBRO11
B1: ACOMPANHAMENTO PEÇA E RETIRE E MC EXPERIÊNCIA
B3: DATA | C3: P&R | D3: EMBAIXADORES DO DIA | G3: CSS!
B4: 46327 | C4: =NOVEMBRO!C2 | D4: =NOVEMBRO!D2 | G4: =NOVEMBRO!F2
B5: 46328 | C5: =NOVEMBRO!C3 | D5: =NOVEMBRO!D3 | G5: =NOVEMBRO!F3
B6: 46329 | C6: =NOVEMBRO!C4 | D6: =NOVEMBRO!D4 | G6: =NOVEMBRO!F4
B7: 46330 | C7: =NOVEMBRO!C5 | D7: =NOVEMBRO!D5 | G7: =NOVEMBRO!F5
B8: 46331 | C8: =NOVEMBRO!C6 | D8: =NOVEMBRO!D6 | G8: =NOVEMBRO!F6
B9: 46332 | C9: =NOVEMBRO!C7 | D9: =NOVEMBRO!D7 | G9: =NOVEMBRO!F7
B10: 46333 | C10: =NOVEMBRO!C8 | D10: =NOVEMBRO!D8 | G10: =NOVEMBRO!F8
B11: 46334 | C11: =NOVEMBRO!C9 | D11: =NOVEMBRO!D9 | G11: =NOVEMBRO!F9
B12: 46335 | C12: =NOVEMBRO!C10 | D12: =NOVEMBRO!D10 | G12: =NOVEMBRO!F10
B13: 46336 | C13: =NOVEMBRO!C11 | D13: =NOVEMBRO!D11 | G13: =NOVEMBRO!F11
B14: 46337 | C14: =NOVEMBRO!C12 | D14: =NOVEMBRO!D12 | G14: =NOVEMBRO!F12
B15: 46338 | C15: =NOVEMBRO!C13 | D15: =NOVEMBRO!D13 | G15: =NOVEMBRO!F13
... B33: 46356 | C33: =NOVEMBRO!C31 | D33: =NOVEMBRO!D31 | G33: =NOVEMBRO!F31
B35: P&R | C35: =SUM(C4:C34) | F35: CSS | G35: =SUM(G4:G34)
B36: TOTAL | F36: TOTAL
B37: GERENTE LÍDER: MARCUS | E37: GERENTE DE MARKETING: EMILLY
P75: 01 195 João, Milca, Naty 40 ❌ 02 201 Milca, Rian, João, Naty, Camila 57 ❌ 03 207 Milca, Rian, Naty 20 ❌ 04 201 Rian, Milca, João, Camila 8 ❌ 05 235 Rian, Milca, João, Camila, Natália 21 ❌ 06 196 João, Camila, Natália 13 ❌ 07 180 João, Camila, Rian 4 ❌ 08 176 Rian, João, Camila 2 ❌ 09 172 Rian, Natália, Milca 5 ❌ 10 182 João, Naty, Milca 16 ❌ 11 174 João, Milca, Camila, Naty 12 ❌ 12 247 Rian, João, Milca, Natália, Camila 16 ❌ 13 184 Rian, Milca, Natália, Camila 5 ❌ 14 174 Rian, Milca, Natália 5 ❌ 15 148 Rian, Camila, João 5 ❌ 16 151 Rian, João, Camila 6 ❌ 17 142 João, Milca, Naty, Camila 6 ❌ 18 153 João, Milca, Camila, Natália 3 ❌ 19 209 Rian, Camila, Natália, Milca 20 ❌ 20 158 Rian, João, Milca, Natália 7 ❌ 21 138 Milca, Naty, João 6 ❌ 22 122 Rian, João, Camila 17 ❌ 23 190 João, Camila, Rian 29 ❌ 24 152 Milca, Naty, Rian 23 ❌ 25 153 Rian, João, Camila 15 ❌ 26 174 João, Camila, Natália, Milca 34 ❌ 27 133 Milca, Camila, Rian, João 36 ❌ 28 143 Rian, João 22 ❌ 29 134 Rian, Milca 27 ❌ 30 139 Rian, Milca, Natália 43 ❌ 31 119 Milca, Naty, João 29 ❌

Sheet DEZEMBRO12
B1: ACOMPANHAMENTO PEÇA E RETIRE E MC EXPERIÊNCIA
B3: DATA | C3: P&R | D3: EMBAIXADORES DO DIA | G3: CSS!
B4: 46357 | C4: =DEZEMBRO!C2 | D4: =DEZEMBRO!D2 | G4: =DEZEMBRO!F2
B5: 46358 | C5: =DEZEMBRO!C3 | D5: =DEZEMBRO!D3 | G5: =DEZEMBRO!F3
B6: 46359 | C6: =DEZEMBRO!C4 | D6: =DEZEMBRO!D4 | G6: =DEZEMBRO!F4
B7: 46360 | C7: =DEZEMBRO!C5 | D7: =DEZEMBRO!D5 | G7: =DEZEMBRO!F5
B8: 46361 | C8: =DEZEMBRO!C6 | D8: =DEZEMBRO!D6 | G8: =DEZEMBRO!F6
B9: 46362 | C9: =DEZEMBRO!C7 | D9: =DEZEMBRO!D7 | G9: =DEZEMBRO!F7
B10: 46363 | C10: =DEZEMBRO!C8 | D10: =DEZEMBRO!D8 | G10: =DEZEMBRO!F8
B11: 46364 | C11: =DEZEMBRO!C9 | D11: =DEZEMBRO!D9 | G11: =DEZEMBRO!F9
B12: 46365 | C12: =DEZEMBRO!C10 | D12: =DEZEMBRO!D10 | G12: =DEZEMBRO!F10
B13: 46366 | C13: =DEZEMBRO!C11 | D13: =DEZEMBRO!D11 | G13: =DEZEMBRO!F11
B14: 46367 | C14: =DEZEMBRO!C12 | D14: =DEZEMBRO!D12 | G14: =DEZEMBRO!F12
B15: 46368 | C15: =DEZEMBRO!C13 | D15: =DEZEMBRO!D13 | G15: =DEZEMBRO!F13
... B34: 46387 | C34: =DEZEMBRO!C32 | D34: =DEZEMBRO!D32 | G34: =DEZEMBRO!F32
B35: P&R | C35: =SUM(C4:C34) | F35: CSS | G35: =SUM(G4:G34)
B36: TOTAL | F36: TOTAL
B37: GERENTE LÍDER: MARCUS | E37: GERENTE DE MARKETING: EMILLY
P75: 01 195 João, Milca, Naty 40 ❌ 02 201 Milca, Rian, João, Naty, Camila 57 ❌ 03 207 Milca, Rian, Naty 20 ❌ 04 201 Rian, Milca, João, Camila 8 ❌ 05 235 Rian, Milca, João, Camila, Natália 21 ❌ 06 196 João, Camila, Natália 13 ❌ 07 180 João, Camila, Rian 4 ❌ 08 176 Rian, João, Camila 2 ❌ 09 172 Rian, Natália, Milca 5 ❌ 10 182 João, Naty, Milca 16 ❌ 11 174 João, Milca, Camila, Naty 12 ❌ 12 247 Rian, João, Milca, Natália, Camila 16 ❌ 13 184 Rian, Milca, Natália, Camila 5 ❌ 14 174 Rian, Milca, Natália 5 ❌ 15 148 Rian, Camila, João 5 ❌ 16 151 Rian, João, Camila 6 ❌ 17 142 João, Milca, Naty, Camila 6 ❌ 18 153 João, Milca, Camila, Natália 3 ❌ 19 209 Rian, Camila, Natália, Milca 20 ❌ 20 158 Rian, João, Milca, Natália 7 ❌ 21 138 Milca, Naty, João 6 ❌ 22 122 Rian, João, Camila 17 ❌ 23 190 João, Camila, Rian 29 ❌ 24 152 Milca, Naty, Rian 23 ❌ 25 153 Rian, João, Camila 15 ❌ 26 174 João, Camila, Natália, Milca 34 ❌ 27 133 Milca, Camila, Rian, João 36 ❌ 28 143 Rian, João 22 ❌ 29 134 Rian, Milca 27 ❌ 30 139 Rian, Milca, Natália 43 ❌ 31 119 Milca, Naty, João 29 ❌

Sheet Total Anual1
C4: PEÇA E RETIRE | F4: CSS
C5: Total Anual | F5: Total Anual
C6: ='TOTAL GERAL'!C14 | F6: ='TOTAL GERAL'!F14

Sheet JANEIRO
A1: ID | B1: DATA | C1: P&R | D1: EMBAIXADOR | F1: CSS
A2: 1 | B2: 46023 | C2: 49 | D2: Ester, Mirella | F2: 4 | G2: 100
A3: 2 | B3: 46024 | C3: 178 | D3: Ester, Milca, Rian | F3: 10 | G3: 70
A4: 3 | B4: 46025 | C4: 218 | D4: Rian, Ester, Naty, Mirella, Davi | F4: 98 | G4: 97.1
A5: 4 | B5: 46026 | C5: 224 | D5: Rian, Ester, Naty, Mirella, Davi | F5: 73 | G5: 97.3
A6: 5 | B6: 46027 | C6: 203 | D6: Rian, Ester, Mirella | F6: 52 | G6: 96.2
A7: 6 | B7: 46028 | C7: 162 | D7: Rian, Naty, Mirella | F7: 46 | G7: 95.8
A8: 7 | B8: 46029 | C8: 133 | D8: Milca, Ester, Naty, Davi | F8: 40 | G8: 97.6
A9: 8 | B9: 46030 | C9: 189 | D9: Naty, Milca, Ester, Mirella | F9: 50 | G9: 96.1
A10: 9 | B10: 46031 | C10: 136 | D10: Rian, Milca, Davi, Ester | F10: 28 | G10: 96.4
A11: 10 | B11: 46032 | C11: 200 | D11: Rian, Milca, Davi, Mirella, Naty | F11: 44 | G11: 97.7
A12: 11 | B12: 46033 | C12: 163 | D12: Rian, Milca, Mirella, Naty | F12: 32 | G12: 97
A13: 12 | B13: 46034 | C13: 149 | D13: Rian, Davi, Mirella, Naty | F13: 30 | G13: 96.7
... A32: 31 | B32: 46053 | C32: 166 | D32: Rian, Ester, Naty, Mirella, Milca, Davi | F32: 30 | G32: 100

Sheet FEVEREIRO
A1: ID | B1: DATA | C1: P&R | D1: EMBAIXADOR | F1: CSS
A2: 1 | B2: 46054 | C2: 133 | D2: Ester, Mirella, Naty, Rian, Davi | F2: 23 | G2: 91.7
A3: 2 | B3: 46055 | C3: 106 | D3: Ester, Mirella, Naty, Davi | F3: 9 | G3: 90
A4: 3 | B4: 46056 | C4: 105 | D4: Rian, Mirella, Davi, Milca | F4: 24 | G4: 100
A5: 4 | B5: 46057 | C5: 105 | D5: Rian, Ester, Milca, Mirella | F5: 31 | G5: 100
A6: 5 | B6: 46058 | C6: 168 | D6: Davi, Ester, Milca, Naty | F6: 45 | G6: 97.9
A7: 6 | B7: 46059 | C7: 189 | D7: Rian, Ester, Naty, Davi | F7: 41 | G7: 97.6
A8: 7 | B8: 46060 | C8: 242 | D8: Rian, Ester, Milca, Mirella, Davi, Naty | F8: 72 | G8: 95.8
A9: 8 | B9: 46061 | C9: 233 | D9: Rian, Naty, Mirella, Milca | F9: 49 | G9: 95.9
A10: 9 | B10: 46062 | C10: 246 | D10: Rian, Naty, Mirella, Milca | F10: 52
A11: 10 | B11: 46063 | C11: 218 | D11: Rian, Mirella, Milca | F11: 23
A12: 11 | B12: 46064 | C12: 226 | D12: Davi, Ester, Rian, Naty | F12: 29
A13: 12 | B13: 46065 | C13: 156 | D13: Davi, Ester, Mirella, Naty | F13: 33
A14: 13 | B14: 46066 | C14: 144 | D14: Davi, Ester, Mirella, Naty, Milca | F14: 28
A15: 14 | B15: 46067 | C15: 128 | D15: Davi, Mirella, Naty, Milca | F15: 29
A16: 15 | B16: 46068 | C16: 102 | D16: Davi, Ester, Rian | F16: 30
A17: 16 | B17: 46069 | C17: 169 | D17: Davi, Ester, Naty | F17: 38
A18: 17 | B18: 46070 | C18: 121 | D18: Mirella, Rian, Naty | F18: 36
A19: 18 | B19: 46071 | C19: 126 | D19: Rian, Naty, Mirella | F19: 32
A20: 19 | B20: 46072 | C20: 129 | D20: Rian, Naty, Mirella, Davi | F20: 43
A21: 20 | B21: 46073 | C21: 133 | D21: Milca, Davi, Ester, Rian, Naty | F21: 28
... A27: 26 | B27: 46079 | C27: 121 | D27: Milca, Rian, Mirella, Naty | F27: 28
A28: 27 | B28: 46080 | C28: 127 | D28: Davi, Rian, Naty, David
A29: 28 | B29: 46081 | C29: 189 | D29: Davi, Rian, David, Mirella, Ester

Sheet MARÇO
A1: ID | B1: DATA | C1: P&R | D1: EMBAIXADOR | F1: CSS
A2: 1 | B2: 46082 | C2: 158 | D2: Rian, Ester, Naty, Mirella
A3: 2 | B3: 46083 | C3: 117 | D3: Ester, Naty, Mirella | F3: 24
A4: 3 | B4: 46084 | C4: 105 | D4: Rian, David, Mirella | F4: 16
A5: 4 | B5: 46085 | C5: 101 | D5: Rian, David, Mirella, Ester | F5: 14
A6: 5 | B6: 46086 | C6: 124 | D6: David, Ester, Naty | F6: 22
A7: 6 | B7: 46087 | C7: 137 | D7: Rian, Naty, Ester | F7: 16
A8: 7 | B8: 46088 | C8: 142 | D8: David, Mirella, Ester, Naty, Rian | F8: 26
A9: 8 | B9: 46089 | C9: 183 | D9: David, Mirella, Naty, Rian | F9: 27
A10: 9 | B10: 46090 | C10: 124 | D10: Rian, Naty, Mirella, David | F10: 18
A11: 10 | B11: 46091 | C11: 94 | D11: Rian, David, Mirella | F11: 23
A12: 11 | B12: 46092 | C12: 89 | D12: Ester, Rian | F12: 14
A13: 12 | B13: 46093 | C13: 82 | D13: Ester, Mirella até as 14h | F13: 13
A14: 13 | B14: 46094 | C14: 129 | D14: Ester, Mirella, David | F14: 13
... A32: 31 | B32: 46112 | C32: 118 | D32: Mirella, David | F32: 14

Sheet ABRIL
A1: ID | B1: DATA | C1: P&R | D1: EMBAIXADOR | F1: CSS
A2: 1 | B2: 46113 | C2: 110 | D2: Rian, Ester, Davi, Mirella, David | F2: 6
A3: 2 | B3: 46114 | C3: 162 | D3: David, Rian, Milca, Ester | F3: 11
A4: 3 | B4: 46115 | C4: 30 | D4: Davi, Milca, Ester | F4: 12
A5: 4 | B5: 46116 | C5: 119 | D5: Davi, David, Mirella, Milca, Ester | F5: 25
A6: 5 | B6: 46117 | C6: 84 | D6: Davi, Mirella, David, Rian, Milca | F6: 5
A7: 6 | B7: 46118 | C7: 108 | D7: Mirella, David, Rian | F7: 7
A8: 7 | B8: 46119 | C8: 76 | D8: David, Mirella, Rian, Milca | F8: 11
A9: 8 | B9: 46120 | C9: 93 | D9: Davi, Mirella, Ester, Milca | F9: 12
A10: 9 | B10: 46121 | C10: 122 | D10: Davi, Mirella, Ester, Milca | F10: 15
A11: 10 | B11: 46122 | C11: 134 | D11: David, Mirella, Ester, Milca | F11: 17
A12: 11 | B12: 46123 | C12: 170 | D12: David, Mirella, Ester, Rian, Davi, Milca | F12: 28
A13: 12 | B13: 46124 | C13: 188 | D13: David, Rian, Ester, Davi | F13: 13
... A17: 16 | B17: 46128 | C17: 109 | D17: Ester, Rian, Mirella, Milca | F17: 14
A18: 17 | B18: 46129
A19: 18 | B19: 46130
A20: 19 | B20: 46131
A21: 20 | B21: 46132
A22: 21 | B22: 46133
A23: 22 | B23: 46134
A24: 23 | B24: 46135
A25: 24 | B25: 46136
A26: 25 | B26: 46137
A27: 26 | B27: 46138
A28: 27 | B28: 46139
A29: 28 | B29: 46140
... A31: 30 | B31: 46142

Sheet MAIO
A1: ID | B1: DATA | C1: P&R | D1: EMBAIXADOR | F1: CSS
A2: 1 | B2: 46143
A3: 2 | B3: 46144
A4: 3 | B4: 46145
A5: 4 | B5: 46146
A6: 5 | B6: 46147
A7: 6 | B7: 46148
A8: 7 | B8: 46149
A9: 8 | B9: 46150
A10: 9 | B10: 46151
A11: 10 | B11: 46152
A12: 11 | B12: 46153
A13: 12 | B13: 46154
... A32: 31 | B32: 46173

Sheet JUNHO
A1: ID | B1: DATA | C1: P&R | D1: EMBAIXADOR | F1: CSS
A2: 1 | B2: 46174
A3: 2 | B3: 46175
A4: 3 | B4: 46176
A5: 4 | B5: 46177
A6: 5 | B6: 46178
A7: 6 | B7: 46179
A8: 7 | B8: 46180
A9: 8 | B9: 46181
A10: 9 | B10: 46182
A11: 10 | B11: 46183
A12: 11 | B12: 46184
A13: 12 | B13: 46185
... A31: 30 | B31: 46203

Sheet JULHO
A1: ID | B1: DATA | C1: P&R | D1: EMBAIXADOR | F1: CSS
A2: 1 | B2: 46204
A3: 2 | B3: 46205
A4: 3 | B4: 46206
A5: 4 | B5: 46207
A6: 5 | B6: 46208
A7: 6 | B7: 46209
A8: 7 | B8: 46210
A9: 8 | B9: 46211
A10: 9 | B10: 46212
A11: 10 | B11: 46213
A12: 11 | B12: 46214
A13: 12 | B13: 46215
... A32: 31 | B32: 46234

Sheet AGOSTO
A1: ID | B1: DATA | C1: P&R | D1: EMBAIXADOR | F1: CSS
A2: 1 | B2: 46235
A3: 2 | B3: 46236
A4: 3 | B4: 46237
A5: 4 | B5: 46238
A6: 5 | B6: 46239
A7: 6 | B7: 46240
A8: 7 | B8: 46241
A9: 8 | B9: 46242
A10: 9 | B10: 46243
A11: 10 | B11: 46244
A12: 11 | B12: 46245
A13: 12 | B13: 46246
... A32: 31 | B32: 46265

Sheet SETEMBRO
A1: ID | B1: DATA | C1: P&R | D1: EMBAIXADOR | F1: CSS
A2: 1 | B2: 46266
A3: 2 | B3: 46267
A4: 3 | B4: 46268
A5: 4 | B5: 46269
A6: 5 | B6: 46270
A7: 6 | B7: 46271
A8: 7 | B8: 46272
A9: 8 | B9: 46273
A10: 9 | B10: 46274
A11: 10 | B11: 46275
A12: 11 | B12: 46276
A13: 12 | B13: 46277
... A31: 30 | B31: 46295

Sheet OUTUBRO
A1: ID | B1: DATA | C1: P&R | D1: EMBAIXADOR | F1: CSS
A2: 1 | B2: 46296
A3: 2 | B3: 46297
A4: 3 | B4: 46298
A5: 4 | B5: 46299
A6: 5 | B6: 46300
A7: 6 | B7: 46301
A8: 7 | B8: 46302
A9: 8 | B9: 46303
A10: 9 | B10: 46304
A11: 10 | B11: 46305
A12: 11 | B12: 46306
A13: 12 | B13: 46307
... A32: 31 | B32: 46326

Sheet NOVEMBRO
A1: ID | B1: DATA | C1: P&R | D1: EMBAIXADOR | F1: CSS
A2: 1 | B2: 46327
A3: 2 | B3: 46328
A4: 3 | B4: 46329
A5: 4 | B5: 46330
A6: 5 | B6: 46331
A7: 6 | B7: 46332
A8: 7 | B8: 46333
A9: 8 | B9: 46334
A10: 9 | B10: 46335
A11: 10 | B11: 46336
A12: 11 | B12: 46337
A13: 12 | B13: 46338
... A31: 30 | B31: 46356

Sheet DEZEMBRO
A1: ID | B1: DATA | C1: P&R | D1: EMBAIXADOR | F1: CSS
A2: 1 | B2: 46357
A3: 2 | B3: 46358
A4: 3 | B4: 46359
A5: 4 | B5: 46360
A6: 5 | B6: 46361
A7: 6 | B7: 46362
A8: 7 | B8: 46363
A9: 8 | B9: 46364
A10: 9 | B10: 46365
A11: 10 | B11: 46366
A12: 11 | B12: 46367
A13: 12 | B13: 46368
... A32: 31 | B32: 46387

Sheet TOTAL GERAL
A1: MÊS | C1: P&R | F1: CSS | G1: % CSS
A2: JANEIRO | C2: 4859 | F2: 1319
A3: FEVEREIRO | C3: 1281 | F3: 298 | G3: 100
A4: MARÇO | C4: 0 | F4: 0 | G4: 100
A5: ABRIL | C5: 0 | F5: 0 | G5: 100
A6: MAIO | C6: 0 | F6: 0 | G6: 100
A7: JUNHO | C7: 0 | F7: 0 | G7: 100
A8: JULHO | C8: 0 | F8: 0 | G8: 100
A9: AGOSTO | C9: 0 | F9: 0 | G9: 100
A10: SETEMBRO | C10: 0 | F10: 0 | G10: 100
A11: OUTUBRO | C11: 0 | F11: 0 | G11: 100
A12: NOVEMBRO | C12: 0 | F12: 0 | G12: 100
A13: DEZEMBRO | C13: 0 | F13: 0 | G13: 100
A14: TOTAL ANUAL | C14: 4859 | F14: 1319 | G14: 100
